{
    "train_mae": 4107.51689009233,
    "train_rmse": 5146.835040663434,
    "test_mae": 27860.259499289772,
    "test_rmse": 74290.63887292752,
    "window_size": 5,
    "model": "LSTM"
}